{
  "feature_names": [
    "ang_vel_mag",
    "lin_acc_mag"
  ],
  "means": [
    0.5111223995762288,
    9.893828598868767
  ],
  "stds": [
    0.34119621522331395,
    0.48515386349089634
  ],
  "window_size": 10,
  "sample_rate_hz": 5.0,
  "threshold": 0.9860395285487199
}